images,labels
defect/pic.6.1561.0.png,defect
defect/pic.6.1562.0.png,defect
defect/pic.6.1563.0.png,defect
defect/pic.6.1564.0.png,defect
defect/pic.6.1565.0.png,defect
defect/pic.6.1566.0.png,defect
defect/pic.6.1567.0.png,defect
defect/pic.6.1568.0.png,defect
defect/pic.6.1569.0.png,defect
defect/pic.6.1570.0.png,defect
defect/pic.6.1571.0.png,defect
defect/pic.6.1572.0.png,defect
defect/pic.6.1573.0.png,defect
defect/pic.6.1574.0.png,defect
defect/pic.6.1575.0.png,defect
defect/pic.6.1576.0.png,defect
defect/pic.6.1577.0.png,defect
defect/pic.6.1578.0.png,defect
defect/pic.6.1579.0.png,defect
defect/pic.6.1580.0.png,defect
defect/pic.6.1581.0.png,defect
defect/pic.6.1582.0.png,defect
defect/pic.6.1583.0.png,defect
defect/pic.6.1584.0.png,defect
defect/pic.6.1585.0.png,defect
defect/pic.6.1586.0.png,defect
defect/pic.6.1587.0.png,defect
defect/pic.6.1588.0.png,defect
defect/pic.6.1589.0.png,defect
defect/pic.6.1590.0.png,defect
defect/pic.6.1591.0.png,defect
defect/pic.6.1592.0.png,defect
defect/pic.6.1593.0.png,defect
defect/pic.6.1594.0.png,defect
defect/pic.6.1595.0.png,defect
defect/pic.6.1596.0.png,defect
defect/pic.6.1597.0.png,defect
defect/pic.6.1598.0.png,defect
defect/pic.6.1599.0.png,defect
defect/pic.6.1600.0.png,defect
defect/pic.6.1601.0.png,defect
defect/pic.6.1602.0.png,defect
defect/pic.6.2421.0.png,defect
defect/pic.6.2422.0.png,defect
defect/pic.6.2423.0.png,defect
defect/pic.6.2424.0.png,defect
defect/pic.6.2425.0.png,defect
defect/pic.6.2426.0.png,defect
defect/pic.6.2427.0.png,defect
defect/pic.6.2428.0.png,defect
defect/pic.6.2429.0.png,defect
defect/pic.6.2430.0.png,defect
defect/pic.6.2431.0.png,defect
defect/pic.6.2432.0.png,defect
defect/pic.6.2433.0.png,defect
defect/pic.6.2434.0.png,defect
defect/pic.6.2435.0.png,defect
defect/pic.6.2436.0.png,defect
defect/pic.6.2437.0.png,defect
defect/pic.6.2438.0.png,defect
defect/pic.6.2931.0.png,defect
defect/pic.6.2932.0.png,defect
defect/pic.6.2933.0.png,defect
defect/pic.6.2934.0.png,defect
defect/pic.6.2935.0.png,defect
defect/pic.6.2936.0.png,defect
defect/pic.6.2937.0.png,defect
defect/pic.6.2938.0.png,defect
defect/pic.6.2939.0.png,defect
defect/pic.6.2940.0.png,defect
defect/pic.6.2941.0.png,defect
defect/pic.6.2942.0.png,defect
defect/pic.6.2943.0.png,defect
defect/pic.6.2944.0.png,defect
defect/pic.6.2945.0.png,defect
defect/pic.6.2946.0.png,defect
defect/pic.6.4115.0.png,defect
defect/pic.6.4116.0.png,defect
defect/pic.6.4117.0.png,defect
defect/pic.6.4118.0.png,defect
defect/pic.6.4119.0.png,defect
defect/pic.6.4120.0.png,defect
defect/pic.6.4121.0.png,defect
defect/pic.6.4122.0.png,defect
defect/pic.6.4123.0.png,defect
defect/pic.6.4124.0.png,defect
defect/pic.6.4125.0.png,defect
defect/pic.6.4126.0.png,defect
defect/pic.6.4127.0.png,defect
defect/pic.6.4128.0.png,defect
defect/pic.6.4129.0.png,defect
defect/pic.6.4130.0.png,defect
defect/pic.6.4131.0.png,defect
defect/pic.6.4132.0.png,defect
defect/pic.6.4133.0.png,defect
defect/pic.6.4134.0.png,defect
defect/pic.6.4135.0.png,defect
defect/pic.6.4136.0.png,defect
defect/pic.6.4137.0.png,defect
defect/pic.6.4138.0.png,defect
defect/pic.6.4139.0.png,defect
defect/pic.6.4140.0.png,defect
defect/pic.6.4141.0.png,defect
defect/pic.6.4142.0.png,defect
defect/pic.6.4143.0.png,defect
defect/pic.6.4144.0.png,defect
defect/pic.6.4145.0.png,defect
defect/pic.6.571.0.png,defect
defect/pic.6.572.0.png,defect
defect/pic.6.573.0.png,defect
defect/pic.6.574.0.png,defect
defect/pic.6.575.0.png,defect
defect/pic.6.576.0.png,defect
defect/pic.6.577.0.png,defect
defect/pic.6.578.0.png,defect
defect/pic.6.579.0.png,defect
defect/pic.6.580.0.png,defect
defect/pic.6.581.0.png,defect
defect/pic.6.582.0.png,defect
defect/pic.6.583.0.png,defect
defect/pic.6.584.0.png,defect
defect/pic.6.585.0.png,defect
defect/pic.6.586.0.png,defect
defect/pic.6.587.0.png,defect
defect/pic.6.588.0.png,defect
defect/pic.6.589.0.png,defect
defect/pic.6.590.0.png,defect
defect/pic.6.591.0.png,defect
defect/pic.6.592.0.png,defect
defect/pic.6.593.0.png,defect
normal/pic.6.443.0.png,normal
normal/pic.6.444.0.png,normal
normal/pic.6.445.0.png,normal
normal/pic.6.446.0.png,normal
normal/pic.6.447.0.png,normal
normal/pic.6.448.0.png,normal
normal/pic.6.449.0.png,normal
normal/pic.6.450.0.png,normal
normal/pic.6.451.0.png,normal
normal/pic.6.452.0.png,normal
normal/pic.6.453.0.png,normal
normal/pic.6.454.0.png,normal
normal/pic.6.455.0.png,normal
normal/pic.6.456.0.png,normal
normal/pic.6.457.0.png,normal
normal/pic.6.458.0.png,normal
normal/pic.6.459.0.png,normal
normal/pic.6.460.0.png,normal
normal/pic.6.461.0.png,normal
normal/pic.6.462.0.png,normal
normal/pic.6.463.0.png,normal
normal/pic.6.464.0.png,normal
normal/pic.6.465.0.png,normal
normal/pic.6.466.0.png,normal
normal/pic.6.467.0.png,normal
normal/pic.6.468.0.png,normal
normal/pic.6.469.0.png,normal
normal/pic.6.470.0.png,normal
normal/pic.6.471.0.png,normal
normal/pic.6.472.0.png,normal
normal/pic.6.473.0.png,normal
normal/pic.6.474.0.png,normal
normal/pic.6.475.0.png,normal
normal/pic.6.476.0.png,normal
normal/pic.6.477.0.png,normal
normal/pic.6.478.0.png,normal
normal/pic.6.479.0.png,normal
normal/pic.6.480.0.png,normal
normal/pic.6.481.0.png,normal
normal/pic.6.482.0.png,normal
normal/pic.6.483.0.png,normal
normal/pic.6.484.0.png,normal
normal/pic.6.485.0.png,normal
normal/pic.6.486.0.png,normal
normal/pic.6.487.0.png,normal
normal/pic.6.488.0.png,normal
normal/pic.6.489.0.png,normal
normal/pic.6.490.0.png,normal
normal/pic.6.491.0.png,normal
normal/pic.6.492.0.png,normal
normal/pic.6.493.0.png,normal
normal/pic.6.494.0.png,normal
normal/pic.6.495.0.png,normal
normal/pic.6.496.0.png,normal
normal/pic.6.497.0.png,normal
normal/pic.6.498.0.png,normal
normal/pic.6.499.0.png,normal
normal/pic.6.500.0.png,normal
normal/pic.6.501.0.png,normal
normal/pic.6.502.0.png,normal
normal/pic.6.503.0.png,normal
normal/pic.6.504.0.png,normal
normal/pic.6.505.0.png,normal
normal/pic.6.506.0.png,normal
normal/pic.6.507.0.png,normal
normal/pic.6.508.0.png,normal
normal/pic.6.509.0.png,normal
normal/pic.6.510.0.png,normal
normal/pic.6.511.0.png,normal
normal/pic.6.512.0.png,normal
normal/pic.6.513.0.png,normal
normal/pic.6.514.0.png,normal
normal/pic.6.515.0.png,normal
normal/pic.6.516.0.png,normal
normal/pic.6.517.0.png,normal
normal/pic.6.518.0.png,normal
normal/pic.6.519.0.png,normal
normal/pic.6.520.0.png,normal
normal/pic.6.521.0.png,normal
normal/pic.6.522.0.png,normal
normal/pic.6.523.0.png,normal
normal/pic.6.524.0.png,normal
normal/pic.6.525.0.png,normal
normal/pic.6.526.0.png,normal
normal/pic.6.527.0.png,normal
normal/pic.6.528.0.png,normal
normal/pic.6.529.0.png,normal
normal/pic.6.530.0.png,normal
normal/pic.6.531.0.png,normal
normal/pic.6.532.0.png,normal
normal/pic.6.533.0.png,normal
normal/pic.6.534.0.png,normal
normal/pic.6.535.0.png,normal
normal/pic.6.536.0.png,normal
normal/pic.6.537.0.png,normal
normal/pic.6.538.0.png,normal
normal/pic.7.576.0.png,normal
normal/pic.7.577.0.png,normal
normal/pic.7.578.0.png,normal
normal/pic.7.579.0.png,normal
normal/pic.7.580.0.png,normal
normal/pic.7.581.0.png,normal
normal/pic.7.582.0.png,normal
normal/pic.7.583.0.png,normal
normal/pic.7.584.0.png,normal
normal/pic.7.585.0.png,normal
normal/pic.7.586.0.png,normal
normal/pic.7.587.0.png,normal
normal/pic.7.588.0.png,normal
normal/pic.7.589.0.png,normal
normal/pic.7.590.0.png,normal
normal/pic.7.591.0.png,normal
normal/pic.7.592.0.png,normal
normal/pic.7.593.0.png,normal
normal/pic.7.594.0.png,normal
normal/pic.7.595.0.png,normal
normal/pic.7.596.0.png,normal
normal/pic.7.597.0.png,normal
normal/pic.7.598.0.png,normal
normal/pic.7.599.0.png,normal
normal/pic.7.600.0.png,normal
normal/pic.7.601.0.png,normal
normal/pic.7.602.0.png,normal
normal/pic.7.603.0.png,normal
normal/pic.7.604.0.png,normal
normal/pic.7.605.0.png,normal
normal/pic.7.606.0.png,normal
normal/pic.7.607.0.png,normal
normal/pic.7.608.0.png,normal
normal/pic.7.609.0.png,normal
